0,user_000008
1,user_000949
2,user_000141
3,user_000747
4,user_000084
5,user_000889
6,user_000298
7,user_000033
8,user_000906
9,user_000155
10,user_000950
11,user_000329
12,user_000899
13,user_000125
14,user_000055
15,user_000512
16,user_000499
17,user_000997
18,user_000445
19,user_000667
20,user_000920
21,user_000023
22,user_000593
23,user_000525
24,user_000846
25,user_000722
26,user_000884
27,user_000147
28,user_000377
29,user_000275
30,user_000429
31,user_000793
32,user_000552
33,user_000787
34,user_000250
35,user_000349
36,user_000672
37,user_000229
38,user_000010
39,user_000610
40,user_000276
41,user_000503
42,user_000309
43,user_000710
44,user_000095
45,user_000701
46,user_000015
47,user_000865
48,user_000939
49,user_000507
50,user_000137
51,user_000269
52,user_000554
53,user_000342
54,user_000206
55,user_000543
56,user_000217
57,user_000469
58,user_000692
59,user_000577
60,user_000791
61,user_000044
62,user_000458
63,user_000228
64,user_000203
65,user_000338
66,user_000144
67,user_000522
68,user_000274
69,user_000960
70,user_000523
71,user_000273
72,user_000517
73,user_000544
74,user_000032
75,user_000482
76,user_000661
77,user_000711
78,user_000999
79,user_000808
80,user_000888
81,user_000180
82,user_000488
83,user_000222
84,user_000004
85,user_000234
86,user_000005
87,user_000069
88,user_000460
89,user_000099
90,user_000680
91,user_000625
92,user_000532
93,user_000771
94,user_000054
95,user_000671
96,user_000026
97,user_000964
98,user_000774
99,user_000798
100,user_000612
101,user_000442
102,user_000845
103,user_000792
104,user_000117
105,user_000165
106,user_000905
107,user_000093
108,user_000768
109,user_000802
110,user_000278
111,user_000574
112,user_000514
113,user_000149
114,user_000809
115,user_000518
116,user_000529
117,user_000196
118,user_000019
119,user_000732
120,user_000302
121,user_000233
122,user_000347
123,user_000995
124,user_000902
125,user_000075
126,user_000837
127,user_000138
128,user_000423
129,user_000427
130,user_000452
131,user_000927
132,user_000068
133,user_000761
134,user_000480
135,user_000952
136,user_000833
137,user_000067
138,user_000628
139,user_000814
140,user_000587
141,user_000255
142,user_000980
143,user_000676
144,user_000496
145,user_000288
146,user_000022
147,user_000886
148,user_000353
149,user_000841
150,user_000654
151,user_000235
152,user_000665
153,user_000311
154,user_000238
155,user_000615
156,user_000074
157,user_000205
158,user_000225
159,user_000436
160,user_000871
161,user_000170
162,user_000039
163,user_000270
164,user_000289
165,user_000277
166,user_000209
167,user_000675
168,user_000565
169,user_000607
170,user_000653
171,user_000064
172,user_000790
173,user_000515
174,user_000781
175,user_000760
176,user_000874
177,user_000367
178,user_000636
179,user_000090
180,user_000271
181,user_000993
182,user_000581
183,user_000160
184,user_000549
185,user_000357
186,user_000909
187,user_000135
188,user_000002
189,user_000199
190,user_000124
191,user_000431
192,user_000658
193,user_000699
194,user_000070
195,user_000714
196,user_000670
197,user_000630
198,user_000536
199,user_000941
200,user_000613
201,user_000878
202,user_000215
203,user_000758
204,user_000986
205,user_000568
206,user_000634
207,user_000683
208,user_000709
209,user_000594
210,user_000154
211,user_000131
212,user_000934
213,user_000025
214,user_000267
215,user_000885
216,user_000883
217,user_000261
218,user_000293
219,user_000685
220,user_000951
221,user_000037
222,user_000861
223,user_000463
224,user_000535
225,user_000832
226,user_000702
227,user_000012
228,user_000831
229,user_000875
230,user_000627
231,user_000121
232,user_000588
233,user_000181
234,user_000936
235,user_000767
236,user_000306
237,user_000195
238,user_000715
239,user_000794
240,user_000850
241,user_000721
242,user_000300
243,user_000829
244,user_000476
245,user_000835
246,user_000509
247,user_000603
248,user_000113
249,user_000632
250,user_000915
251,user_000110
252,user_000029
253,user_000590
254,user_000834
255,user_000996
256,user_000849
257,user_000780
258,user_000379
259,user_000264
260,user_000601
261,user_000497
262,user_000129
263,user_000819
264,user_000914
265,user_000294
266,user_000971
267,user_000604
268,user_000493
269,user_000629
270,user_000284
271,user_000078
272,user_000085
273,user_000570
274,user_000089
275,user_000130
276,user_000830
277,user_000591
278,user_000400
279,user_000487
280,user_000414
281,user_000586
282,user_000190
283,user_000426
284,user_000923
285,user_000432
286,user_000437
287,user_000726
288,user_000346
289,user_000745
290,user_000816
291,user_000040
292,user_000348
293,user_000748
294,user_000684
295,user_000811
296,user_000451
297,user_000366
298,user_000651
299,user_000050
300,user_000573
301,user_000281
302,user_000779
303,user_000704
304,user_000631
305,user_000361
306,user_000236
307,user_000641
308,user_000782
309,user_000327
310,user_000842
311,user_000139
312,user_000471
313,user_000420
314,user_000614
315,user_000893
316,user_000305
317,user_000754
318,user_000412
319,user_000132
320,user_000394
321,user_000789
322,user_000362
323,user_000303
324,user_000134
325,user_000006
326,user_000380
327,user_000112
328,user_000323
329,user_000239
330,user_000795
331,user_000697
332,user_000803
333,user_000087
334,user_000018
335,user_000804
336,user_000097
337,user_000390
338,user_000718
339,user_000825
340,user_000232
341,user_000800
342,user_000259
343,user_000072
344,user_000712
345,user_000616
346,user_000929
347,user_000384
348,user_000417
349,user_000468
350,user_000678
351,user_000621
352,user_000810
353,user_000557
354,user_000521
355,user_000662
356,user_000498
357,user_000942
358,user_000076
359,user_000103
360,user_000187
361,user_000706
362,user_000440
363,user_000185
364,user_000998
365,user_000304
366,user_000961
367,user_000052
368,user_000292
369,user_000770
370,user_000491
371,user_000219
372,user_000505
373,user_000918
374,user_000316
375,user_000828
376,user_000527
377,user_000030
378,user_000169
379,user_000001
380,user_000142
381,user_000824
382,user_000925
383,user_000251
384,user_000260
385,user_000383
386,user_000737
387,user_000862
388,user_000345
389,user_000713
390,user_000024
391,user_000725
392,user_000176
393,user_000595
394,user_000313
395,user_000392
396,user_000280
397,user_000156
398,user_000407
399,user_000051
400,user_000974
401,user_000617
402,user_000772
403,user_000237
404,user_000122
405,user_000788
406,user_000370
407,user_000290
408,user_000727
409,user_000046
410,user_000047
411,user_000083
412,user_000931
413,user_000978
414,user_000312
415,user_000954
416,user_000575
417,user_000569
418,user_000958
419,user_000128
420,user_000254
421,user_000296
422,user_000105
423,user_000707
424,user_000325
425,user_000013
426,user_000202
427,user_000648
428,user_000868
429,user_000041
430,user_000656
431,user_000356
432,user_000376
433,user_000700
434,user_000314
435,user_000409
436,user_000930
437,user_000326
438,user_000708
439,user_000932
440,user_000317
441,user_000127
442,user_000161
443,user_000583
444,user_000242
445,user_000540
446,user_000152
447,user_000433
448,user_000666
449,user_000838
450,user_000806
451,user_000109
452,user_001000
453,user_000957
454,user_000256
455,user_000994
456,user_000189
457,user_000511
458,user_000744
459,user_000580
460,user_000216
461,user_000687
462,user_000534
463,user_000478
464,user_000891
465,user_000652
466,user_000461
467,user_000844
468,user_000688
469,user_000821
470,user_000337
471,user_000965
472,user_000728
473,user_000495
474,user_000096
475,user_000224
476,user_000501
477,user_000584
478,user_000976
479,user_000729
480,user_000318
481,user_000404
482,user_000647
483,user_000485
484,user_000600
485,user_000082
486,user_000453
487,user_000860
488,user_000975
489,user_000807
490,user_000178
491,user_000872
492,user_000668
493,user_000738
494,user_000307
495,user_000531
496,user_000249
497,user_000508
498,user_000056
499,user_000086
500,user_000564
501,user_000021
502,user_000660
503,user_000703
504,user_000847
505,user_000778
506,user_000650
507,user_000188
508,user_000919
509,user_000822
510,user_000989
511,user_000207
512,user_000608
513,user_000091
514,user_000550
515,user_000063
516,user_000003
517,user_000388
518,user_000973
519,user_000839
520,user_000177
521,user_000119
522,user_000743
523,user_000755
524,user_000279
525,user_000351
526,user_000894
527,user_000524
528,user_000851
529,user_000963
530,user_000644
531,user_000126
532,user_000116
533,user_000881
534,user_000766
535,user_000977
536,user_000450
537,user_000265
538,user_000387
539,user_000786
540,user_000360
541,user_000740
542,user_000674
543,user_000422
544,user_000762
545,user_000174
546,user_000848
547,user_000589
548,user_000038
549,user_000969
550,user_000801
551,user_000184
552,user_000439
553,user_000389
554,user_000620
555,user_000646
556,user_000295
557,user_000516
558,user_000921
559,user_000079
560,user_000882
561,user_000840
562,user_000596
563,user_000719
564,user_000372
565,user_000897
566,user_000182
567,user_000611
568,user_000443
569,user_000571
570,user_000016
571,user_000519
572,user_000036
573,user_000551
574,user_000391
575,user_000363
576,user_000901
577,user_000459
578,user_000907
579,user_000226
580,user_000689
581,user_000836
582,user_000539
583,user_000467
584,user_000959
585,user_000742
586,user_000403
587,user_000479
588,user_000444
589,user_000749
590,user_000695
591,user_000343
592,user_000057
593,user_000553
594,user_000344
595,user_000107
596,user_000776
597,user_000153
598,user_000751
599,user_000990
600,user_000340
601,user_000411
602,user_000823
603,user_000812
604,user_000324
605,user_000328
606,user_000223
607,user_000556
608,user_000486
609,user_000151
610,user_000890
611,user_000320
612,user_000108
613,user_000339
614,user_000818
615,user_000100
616,user_000020
617,user_000984
618,user_000359
619,user_000330
620,user_000619
621,user_000705
622,user_000060
623,user_000472
624,user_000172
625,user_000490
626,user_000546
627,user_000457
628,user_000017
629,user_000900
630,user_000258
631,user_000252
632,user_000694
633,user_000104
634,user_000682
635,user_000730
636,user_000456
637,user_000435
638,user_000991
639,user_000542
640,user_000413
641,user_000947
642,user_000483
643,user_000042
644,user_000887
645,user_000335
646,user_000034
647,user_000397
648,user_000724
649,user_000375
650,user_000430
651,user_000080
652,user_000227
653,user_000474
654,user_000477
655,user_000066
656,user_000623
657,user_000870
658,user_000880
659,user_000027
660,user_000481
661,user_000966
662,user_000797
663,user_000720
664,user_000230
665,user_000924
666,user_000114
667,user_000197
668,user_000933
669,user_000633
670,user_000334
671,user_000385
672,user_000212
673,user_000009
674,user_000673
675,user_000031
676,user_000262
677,user_000799
678,user_000045
679,user_000291
680,user_000065
681,user_000664
682,user_000163
683,user_000446
684,user_000983
685,user_000928
686,user_000315
687,user_000396
688,user_000935
689,user_000609
690,user_000159
691,user_000245
692,user_000769
693,user_000183
694,user_000094
695,user_000241
696,user_000350
697,user_000062
698,user_000813
699,user_000208
700,user_000475
701,user_000341
702,user_000382
703,user_000381
704,user_000853
705,user_000058
706,user_000371
707,user_000572
708,user_000750
709,user_000944
710,user_000735
711,user_000123
712,user_000637
713,user_000489
714,user_000558
715,user_000805
716,user_000857
717,user_000011
718,user_000605
719,user_000576
720,user_000764
721,user_000622
722,user_000425
723,user_000092
724,user_000111
725,user_000053
726,user_000962
727,user_000319
728,user_000179
729,user_000645
730,user_000166
731,user_000502
732,user_000374
733,user_000826
734,user_000877
735,user_000405
736,user_000148
737,user_000355
738,user_000533
739,user_000464
740,user_000191
741,user_000783
742,user_000968
743,user_000817
744,user_000854
745,user_000007
746,user_000579
747,user_000669
748,user_000876
749,user_000624
750,user_000441
751,user_000967
752,user_000438
753,user_000194
754,user_000526
755,user_000035
756,user_000049
757,user_000917
758,user_000059
759,user_000308
760,user_000173
761,user_000733
762,user_000193
763,user_000246
764,user_000266
765,user_000285
766,user_000071
767,user_000736
768,user_000244
769,user_000859
770,user_000640
771,user_000133
772,user_000912
773,user_000643
774,user_000299
775,user_000896
776,user_000434
777,user_000120
778,user_000691
779,user_000940
780,user_000926
781,user_000398
782,user_000753
783,user_000421
784,user_000106
785,user_000756
786,user_000510
787,user_000322
788,user_000602
789,user_000943
790,user_000210
791,user_000892
792,user_000136
793,user_000416
794,user_000796
795,user_000500
796,user_000373
797,user_000937
798,user_000513
799,user_000953
800,user_000863
801,user_000913
802,user_000864
803,user_000118
804,user_000462
805,user_000484
806,user_000626
807,user_000028
808,user_000221
809,user_000970
810,user_000739
811,user_000530
812,user_000820
813,user_000690
814,user_000268
815,user_000218
816,user_000655
817,user_000447
818,user_000773
819,user_000922
820,user_000520
821,user_000454
822,user_000972
823,user_000014
824,user_000352
825,user_000698
826,user_000979
827,user_000415
828,user_000213
829,user_000358
830,user_000946
831,user_000898
832,user_000635
833,user_000168
834,user_000867
835,user_000752
836,user_000681
837,user_000473
838,user_000992
839,user_000585
840,user_000599
841,user_000763
842,user_000449
843,user_000639
844,user_000693
845,user_000981
846,user_000146
847,user_000310
848,user_000606
849,user_000088
850,user_000448
851,user_000561
852,user_000555
853,user_000175
854,user_000528
855,user_000167
856,user_000910
857,user_000162
858,user_000869
859,user_000746
860,user_000201
861,user_000598
862,user_000369
863,user_000494
864,user_000220
865,user_000504
866,user_000757
867,user_000073
868,user_000263
869,user_000938
870,user_000424
871,user_000145
872,user_000150
873,user_000368
874,user_000717
875,user_000211
876,user_000765
877,user_000659
878,user_000592
879,user_000908
880,user_000321
881,user_000419
882,user_000186
883,user_000102
884,user_000784
885,user_000827
886,user_000198
887,user_000562
888,user_000354
889,user_000506
890,user_000465
891,user_000537
892,user_000401
893,user_000331
894,user_000043
895,user_000140
896,user_000418
897,user_000948
898,user_000243
899,user_000157
900,user_000393
901,user_000903
902,user_000048
903,user_000399
904,user_000578
905,user_000257
906,user_000734
907,user_000741
908,user_000679
909,user_000115
910,user_000777
911,user_000642
912,user_000297
913,user_000879
914,user_000158
915,user_000378
916,user_000597
917,user_000759
918,user_000775
919,user_000214
920,user_000333
921,user_000716
922,user_000548
923,user_000855
924,user_000945
925,user_000081
926,user_000171
927,user_000873
928,user_000098
929,user_000649
930,user_000696
931,user_000545
932,user_000077
933,user_000618
934,user_000395
935,user_000916
936,user_000406
937,user_000559
938,user_000582
939,user_000253
940,user_000192
941,user_000164
942,user_000731
943,user_000247
944,user_000904
945,user_000204
946,user_000200
947,user_000985
948,user_000987
949,user_000567
950,user_000402
951,user_000563
952,user_000956
953,user_000336
954,user_000858
955,user_000657
956,user_000541
957,user_000955
958,user_000492
959,user_000982
960,user_000723
961,user_000638
962,user_000560
963,user_000843
964,user_000856
965,user_000911
966,user_000282
967,user_000386
968,user_000410
969,user_000408
970,user_000101
971,user_000143
972,user_000301
973,user_000852
974,user_000785
975,user_000815
976,user_000866
977,user_000061
978,user_000895
979,user_000566
980,user_000364
981,user_000455
982,user_000538
983,user_000547
984,user_000286
985,user_000272
986,user_000240
987,user_000248
988,user_000231
989,user_000332
990,user_000677
991,user_000686
